Symbol Name,Result Date,Kanban Status,Last updated,Date First Created,Strategy Used
MAHABANK,14-10-2026,Research,07-09-2026 10:12,07-09-2026,VMG v9.5
JLHL,05-11-2026,Watchlist,30-07-2026 11:44,30-07-2026,VMG v9.4
ASKAUTOLTD,29-10-2026,Research,30-07-2026 11:44,30-07-2026,VMG v9.4
BORORENEW,21-10-2026,Holding,30-08-2026 10:42,30-08-2026,VMG v9.5
POONAWALLA,23-10-2026,Watchlist,14-07-2026 13:40,14-07-2026,VMG v9.2S
LICHSGFIN,27-10-2026,Holding,14-07-2026 12:52,14-07-2026,VMG v9.2S
CANTABIL,06-11-2026,Pre-Check,08-08-2026 12:49,08-08-2026,VMG v9.5
SERVOTECH,22-10-2026,Pre-Check,24-07-2026 10:09,24-07-2026,VMG v9.4
INDOSTAR,30-10-2026,Exited,13-07-2026 13:17,13-07-2026,VMG v9.2S
IDFCFIRSTB,24-10-2026,Holding,14-07-2026 13:00,14-07-2026,VMG v9.2S
SUYOG,12-11-2026,Research,03-07-2026 10:09,03-07-2026,VMG v9.4
M&MFIN,26-10-2026,Watchlist,11-07-2026 12:23,11-07-2026,VMG v9.2S
ESAFSFB,04-11-2026,Exited,30-07-2026 11:14,30-07-2026,VMG v9.2S
HOMEFIRST,20-10-2026,Holding,14-08-2026 18:07,14-08-2026,VMG v9.4
SUDARSCHEM,10-11-2026,Pre-Check,14-08-2026 18:07,14-08-2026,VMG v9.5
WINDLAS,03-11-2026,Research,07-09-2026 10:01,07-09-2026,VMG v9.5
VIMTALABS,28-10-2026,Watchlist,17-08-2026 12:27,17-08-2026,VMG v9.4
IGIL,13-11-2026,Research,20-08-2026 12:10,20-08-2026,VMG v9.5
INNOVACAP,09-11-2026,Pre-Check,18-08-2026 12:26,18-08-2026,VMG v9.5
AADHARHFC,31-10-2026,Watchlist,14-08-2026 18:07,14-08-2026,VMG v9.4
AAVAS,22-10-2026,Holding,07-09-2026 10:12,07-09-2026,VMG v9.4
